Iteration,Accuracy
0,0.6049382716049383
1,0.6049382716049383
2,0.6049382716049383
3,0.6049382716049383
4,0.6049382716049383
5,0.6049382716049383
6,0.6049382716049383
7,0.6049382716049383
8,0.6049382716049383
9,0.6049382716049383
